EmployeeID,Name,City,Age,Gender
1001,Employee_1001,Mumbai,47,Male
1002,Employee_1002,New York,23,Other
1003,Employee_1003,New York,34,Male
1004,Employee_1004,Mumbai,50,Male
1005,Employee_1005,Berlin,59,Other
1006,Employee_1006,London,49,Male
1007,Employee_1007,London,46,Other
1008,Employee_1008,London,22,Male
1009,Employee_1009,Mumbai,35,Female
1010,Employee_1010,New York,35,Other
1011,Employee_1011,Mumbai,39,Female
1012,Employee_1012,Mumbai,26,Other
1013,Employee_1013,Sydney,58,Male
1014,Employee_1014,New York,28,Other
1015,Employee_1015,Sydney,56,Male
1016,Employee_1016,Tokyo,33,Female
1017,Employee_1017,New York,45,Male
1018,Employee_1018,New York,42,Other
1019,Employee_1019,New York,34,Male
1020,Employee_1020,London,51,Other
1021,Employee_1021,London,29,Male
1022,Employee_1022,Sydney,38,Male
1023,Employee_1023,Sydney,53,Female
1024,Employee_1024,New York,55,Other
1025,Employee_1025,Sydney,42,Female
1026,Employee_1026,London,60,Other
1027,Employee_1027,Mumbai,46,Other
1028,Employee_1028,Mumbai,47,Other
1029,Employee_1029,Mumbai,59,Female
1030,Employee_1030,Sydney,29,Female
1031,Employee_1031,Tokyo,44,Female
1032,Employee_1032,London,44,Female
1033,Employee_1033,Tokyo,51,Female
1034,Employee_1034,Sydney,33,Female
1035,Employee_1035,Berlin,41,Male
1036,Employee_1036,Paris,59,Female
1037,Employee_1037,Paris,27,Female
1038,Employee_1038,New York,30,Other
1039,Employee_1039,Paris,42,Other
1040,Employee_1040,Paris,29,Other
1041,Employee_1041,London,37,Female
1042,Employee_1042,Mumbai,41,Other
1043,Employee_1043,Tokyo,29,Male
1044,Employee_1044,Berlin,33,Male
1045,Employee_1045,Berlin,45,Other
1046,Employee_1046,London,31,Other
1047,Employee_1047,London,54,Female
1048,Employee_1048,Paris,46,Other
1049,Employee_1049,Berlin,48,Other
1050,Employee_1050,New York,60,Other
1051,Employee_1051,New York,30,Other
1052,Employee_1052,Tokyo,58,Female
1053,Employee_1053,New York,46,Female
1054,Employee_1054,Berlin,49,Other
1055,Employee_1055,Paris,33,Male
1056,Employee_1056,Berlin,53,Female
1057,Employee_1057,Sydney,56,Male
1058,Employee_1058,Berlin,33,Female
1059,Employee_1059,Paris,57,Female
1060,Employee_1060,New York,32,Other
1061,Employee_1061,Mumbai,53,Female
1062,Employee_1062,Tokyo,40,Female
1063,Employee_1063,Sydney,30,Female
1064,Employee_1064,New York,33,Other
1065,Employee_1065,Tokyo,42,Other
1066,Employee_1066,New York,50,Other
1067,Employee_1067,Sydney,25,Female
1068,Employee_1068,Berlin,44,Male
1069,Employee_1069,Paris,22,Male
1070,Employee_1070,Mumbai,53,Other
1071,Employee_1071,Sydney,30,Male
1072,Employee_1072,Paris,34,Male
1073,Employee_1073,Berlin,46,Other
1074,Employee_1074,Sydney,57,Female
1075,Employee_1075,London,54,Other
1076,Employee_1076,Mumbai,53,Female
1077,Employee_1077,New York,48,Other
1078,Employee_1078,New York,53,Male
1079,Employee_1079,Mumbai,48,Other
1080,Employee_1080,London,50,Male
1081,Employee_1081,Paris,53,Other
1082,Employee_1082,Berlin,32,Female
1083,Employee_1083,New York,27,Female
1084,Employee_1084,Paris,58,Female
1085,Employee_1085,London,23,Female
1086,Employee_1086,Paris,36,Female
1087,Employee_1087,New York,40,Female
1088,Employee_1088,Tokyo,24,Other
1089,Employee_1089,Berlin,39,Male
1090,Employee_1090,Tokyo,36,Other
1091,Employee_1091,Mumbai,56,Other
1092,Employee_1092,Paris,40,Other
1093,Employee_1093,Berlin,32,Male
1094,Employee_1094,London,51,Female
1095,Employee_1095,Berlin,58,Other
1096,Employee_1096,Berlin,53,Other
1097,Employee_1097,London,57,Male
1098,Employee_1098,Mumbai,54,Other
1099,Employee_1099,Berlin,29,Other
1100,Employee_1100,Mumbai,58,Other
1101,Employee_1101,Mumbai,29,Female
1102,Employee_1102,Mumbai,39,Other
1103,Employee_1103,New York,56,Female
1104,Employee_1104,Sydney,45,Other
1105,Employee_1105,Mumbai,56,Female
1106,Employee_1106,London,24,Male
1107,Employee_1107,Sydney,50,Other
1108,Employee_1108,Mumbai,56,Other
1109,Employee_1109,London,35,Male
1110,Employee_1110,London,49,Female
1111,Employee_1111,Tokyo,28,Male
1112,Employee_1112,Tokyo,37,Female
1113,Employee_1113,Berlin,41,Male
1114,Employee_1114,Mumbai,24,Other
1115,Employee_1115,Mumbai,50,Female
1116,Employee_1116,Sydney,38,Other
1117,Employee_1117,London,44,Other
1118,Employee_1118,Mumbai,27,Male
1119,Employee_1119,Berlin,50,Other
1120,Employee_1120,Paris,29,Female
1121,Employee_1121,Paris,37,Other
1122,Employee_1122,Paris,35,Male
1123,Employee_1123,New York,59,Male
1124,Employee_1124,London,44,Female
1125,Employee_1125,Paris,49,Male
1126,Employee_1126,New York,32,Other
1127,Employee_1127,Paris,30,Female
1128,Employee_1128,Berlin,35,Female
1129,Employee_1129,Tokyo,35,Female
1130,Employee_1130,Berlin,25,Female
1131,Employee_1131,New York,58,Female
1132,Employee_1132,London,44,Other
1133,Employee_1133,Sydney,56,Female
1134,Employee_1134,Mumbai,39,Female
1135,Employee_1135,Berlin,60,Male
1136,Employee_1136,London,56,Female
1137,Employee_1137,Mumbai,32,Male
1138,Employee_1138,Tokyo,42,Other
1139,Employee_1139,Tokyo,40,Other
1140,Employee_1140,Mumbai,40,Other
1141,Employee_1141,Tokyo,58,Other
1142,Employee_1142,London,39,Male
1143,Employee_1143,Berlin,54,Female
1144,Employee_1144,London,28,Male
1145,Employee_1145,London,30,Other
1146,Employee_1146,Mumbai,48,Male
1147,Employee_1147,Sydney,25,Other
1148,Employee_1148,Sydney,39,Female
1149,Employee_1149,Berlin,30,Other
1150,Employee_1150,Mumbai,30,Female
1151,Employee_1151,Sydney,37,Female
1152,Employee_1152,Tokyo,31,Male
1153,Employee_1153,Sydney,42,Male
1154,Employee_1154,Tokyo,37,Male
1155,Employee_1155,Berlin,47,Male
1156,Employee_1156,London,53,Female
1157,Employee_1157,London,31,Female
1158,Employee_1158,Sydney,58,Other
1159,Employee_1159,Tokyo,39,Female
1160,Employee_1160,New York,48,Male
1161,Employee_1161,Paris,46,Female
1162,Employee_1162,New York,50,Other
1163,Employee_1163,Paris,26,Male
1164,Employee_1164,New York,27,Male
1165,Employee_1165,London,47,Female
1166,Employee_1166,Mumbai,54,Female
1167,Employee_1167,London,39,Other
1168,Employee_1168,Paris,45,Male
1169,Employee_1169,Mumbai,51,Female
1170,Employee_1170,Tokyo,53,Other
1171,Employee_1171,Sydney,42,Male
1172,Employee_1172,New York,59,Male
1173,Employee_1173,Tokyo,22,Female
1174,Employee_1174,Tokyo,27,Female
1175,Employee_1175,Sydney,51,Male
1176,Employee_1176,Tokyo,44,Male
1177,Employee_1177,Sydney,26,Other
1178,Employee_1178,Berlin,56,Male
1179,Employee_1179,Sydney,47,Female
1180,Employee_1180,Paris,35,Male
1181,Employee_1181,New York,49,Male
1182,Employee_1182,Mumbai,35,Other
1183,Employee_1183,Mumbai,53,Female
1184,Employee_1184,New York,39,Other
1185,Employee_1185,Mumbai,42,Female
1186,Employee_1186,Sydney,40,Female
1187,Employee_1187,Paris,43,Female
1188,Employee_1188,Berlin,57,Female
1189,Employee_1189,Paris,58,Female
1190,Employee_1190,Mumbai,30,Male
1191,Employee_1191,Berlin,58,Male
1192,Employee_1192,New York,53,Other
1193,Employee_1193,Berlin,43,Male
1194,Employee_1194,Tokyo,25,Other
1195,Employee_1195,London,24,Female
1196,Employee_1196,Tokyo,28,Male
1197,Employee_1197,New York,51,Female
1198,Employee_1198,Mumbai,23,Other
1199,Employee_1199,Mumbai,29,Male
1200,Employee_1200,Berlin,32,Male
1201,Employee_1201,Sydney,50,Other
1202,Employee_1202,Paris,51,Male
1203,Employee_1203,London,22,Other
1204,Employee_1204,Sydney,49,Other
1205,Employee_1205,New York,34,Male
1206,Employee_1206,Paris,30,Male
1207,Employee_1207,Mumbai,41,Other
1208,Employee_1208,Berlin,32,Female
1209,Employee_1209,Paris,39,Female
1210,Employee_1210,Mumbai,27,Male
1211,Employee_1211,Sydney,45,Male
1212,Employee_1212,Sydney,38,Female
1213,Employee_1213,London,27,Other
1214,Employee_1214,London,45,Other
1215,Employee_1215,Berlin,32,Female
1216,Employee_1216,Paris,25,Male
1217,Employee_1217,London,47,Male
1218,Employee_1218,Sydney,41,Male
1219,Employee_1219,Paris,36,Female
1220,Employee_1220,Sydney,49,Female
1221,Employee_1221,New York,27,Female
1222,Employee_1222,Sydney,28,Other
1223,Employee_1223,Berlin,22,Other
1224,Employee_1224,Tokyo,35,Other
1225,Employee_1225,New York,52,Other
1226,Employee_1226,New York,26,Female
1227,Employee_1227,Berlin,30,Female
1228,Employee_1228,Paris,59,Other
1229,Employee_1229,Paris,36,Male
1230,Employee_1230,Berlin,55,Female
1231,Employee_1231,London,50,Female
1232,Employee_1232,New York,22,Female
1233,Employee_1233,London,22,Male
1234,Employee_1234,Sydney,43,Male
1235,Employee_1235,New York,29,Female
1236,Employee_1236,New York,49,Male
1237,Employee_1237,Mumbai,30,Male
1238,Employee_1238,Tokyo,52,Male
1239,Employee_1239,Paris,26,Other
1240,Employee_1240,New York,36,Male
1241,Employee_1241,Paris,46,Male
1242,Employee_1242,Sydney,27,Other
1243,Employee_1243,Paris,28,Male
1244,Employee_1244,London,28,Other
1245,Employee_1245,London,42,Other
1246,Employee_1246,Mumbai,45,Male
1247,Employee_1247,Tokyo,41,Male
1248,Employee_1248,Sydney,30,Female
1249,Employee_1249,London,46,Other
1250,Employee_1250,Berlin,30,Other
1251,Employee_1251,Sydney,31,Male
1252,Employee_1252,Paris,26,Female
1253,Employee_1253,Sydney,55,Other
1254,Employee_1254,Tokyo,58,Female
1255,Employee_1255,London,22,Other
1256,Employee_1256,Sydney,32,Other
1257,Employee_1257,Paris,50,Male
1258,Employee_1258,Mumbai,44,Other
1259,Employee_1259,Mumbai,35,Male
1260,Employee_1260,London,31,Other
1261,Employee_1261,Mumbai,48,Male
1262,Employee_1262,Berlin,50,Other
1263,Employee_1263,Tokyo,35,Male
1264,Employee_1264,Mumbai,27,Male
1265,Employee_1265,Mumbai,28,Other
1266,Employee_1266,Berlin,30,Male
1267,Employee_1267,Tokyo,29,Female
1268,Employee_1268,Sydney,59,Female
1269,Employee_1269,Tokyo,46,Female
1270,Employee_1270,New York,44,Male
1271,Employee_1271,London,49,Other
1272,Employee_1272,London,42,Female
1273,Employee_1273,New York,30,Female
1274,Employee_1274,Berlin,37,Other
1275,Employee_1275,New York,39,Male
1276,Employee_1276,Sydney,27,Male
1277,Employee_1277,Sydney,37,Other
1278,Employee_1278,London,57,Other
1279,Employee_1279,Sydney,60,Other
1280,Employee_1280,London,60,Male
1281,Employee_1281,New York,60,Female
1282,Employee_1282,New York,40,Female
1283,Employee_1283,Mumbai,23,Other
1284,Employee_1284,Mumbai,41,Male
1285,Employee_1285,New York,35,Other
1286,Employee_1286,London,55,Other
1287,Employee_1287,New York,60,Female
1288,Employee_1288,New York,54,Other
1289,Employee_1289,Paris,34,Other
1290,Employee_1290,Berlin,47,Other
1291,Employee_1291,New York,40,Male
1292,Employee_1292,Sydney,25,Female
1293,Employee_1293,London,37,Male
1294,Employee_1294,Berlin,53,Other
1295,Employee_1295,Mumbai,46,Other
1296,Employee_1296,Tokyo,29,Other
1297,Employee_1297,London,37,Male
1298,Employee_1298,Sydney,53,Female
1299,Employee_1299,London,60,Male
1300,Employee_1300,Mumbai,26,Male
1301,Employee_1301,Sydney,55,Female
1302,Employee_1302,Sydney,22,Male
1303,Employee_1303,Tokyo,45,Other
1304,Employee_1304,London,42,Male
1305,Employee_1305,Paris,30,Female
1306,Employee_1306,Tokyo,46,Other
1307,Employee_1307,Paris,58,Male
1308,Employee_1308,Tokyo,48,Female
1309,Employee_1309,London,45,Other
1310,Employee_1310,New York,56,Female
1311,Employee_1311,New York,33,Female
1312,Employee_1312,Mumbai,52,Male
1313,Employee_1313,Tokyo,26,Male
1314,Employee_1314,Berlin,23,Other
1315,Employee_1315,Tokyo,59,Female
1316,Employee_1316,Tokyo,26,Male
1317,Employee_1317,Tokyo,22,Other
1318,Employee_1318,Paris,38,Female
1319,Employee_1319,Mumbai,35,Female
1320,Employee_1320,New York,24,Male
1321,Employee_1321,Mumbai,25,Male
1322,Employee_1322,Mumbai,47,Male
1323,Employee_1323,Mumbai,54,Other
1324,Employee_1324,New York,40,Male
1325,Employee_1325,New York,54,Male
1326,Employee_1326,Tokyo,48,Other
1327,Employee_1327,Mumbai,49,Other
1328,Employee_1328,Berlin,47,Female
1329,Employee_1329,Paris,27,Male
1330,Employee_1330,Paris,56,Male
1331,Employee_1331,New York,56,Other
1332,Employee_1332,London,31,Male
1333,Employee_1333,London,39,Other
1334,Employee_1334,London,27,Other
1335,Employee_1335,Sydney,41,Male
1336,Employee_1336,Tokyo,27,Female
1337,Employee_1337,London,54,Other
1338,Employee_1338,Tokyo,35,Male
1339,Employee_1339,London,31,Female
1340,Employee_1340,Berlin,56,Female
1341,Employee_1341,Tokyo,42,Female
1342,Employee_1342,London,47,Female
1343,Employee_1343,Paris,59,Male
1344,Employee_1344,New York,26,Male
1345,Employee_1345,Tokyo,41,Male
1346,Employee_1346,Paris,49,Male
1347,Employee_1347,Paris,37,Female
1348,Employee_1348,Paris,25,Female
1349,Employee_1349,Sydney,37,Other
1350,Employee_1350,New York,27,Female
1351,Employee_1351,New York,49,Female
1352,Employee_1352,Mumbai,29,Other
1353,Employee_1353,Sydney,51,Male
1354,Employee_1354,Paris,60,Male
1355,Employee_1355,New York,25,Male
1356,Employee_1356,New York,41,Male
1357,Employee_1357,Paris,33,Male
1358,Employee_1358,Paris,29,Other
1359,Employee_1359,London,22,Other
1360,Employee_1360,London,30,Male
1361,Employee_1361,Tokyo,22,Female
1362,Employee_1362,Tokyo,32,Female
1363,Employee_1363,Tokyo,53,Female
1364,Employee_1364,London,44,Other
1365,Employee_1365,Paris,55,Female
1366,Employee_1366,Tokyo,55,Other
1367,Employee_1367,New York,38,Male
1368,Employee_1368,London,32,Female
1369,Employee_1369,Tokyo,45,Female
1370,Employee_1370,New York,30,Male
1371,Employee_1371,Tokyo,39,Male
1372,Employee_1372,Berlin,29,Female
1373,Employee_1373,Paris,23,Female
1374,Employee_1374,Paris,43,Female
1375,Employee_1375,Tokyo,49,Female
1376,Employee_1376,Berlin,39,Female
1377,Employee_1377,Tokyo,55,Other
1378,Employee_1378,Mumbai,26,Female
1379,Employee_1379,Mumbai,38,Female
1380,Employee_1380,Paris,58,Other
1381,Employee_1381,Sydney,26,Male
1382,Employee_1382,Mumbai,53,Male
1383,Employee_1383,Mumbai,51,Male
1384,Employee_1384,Tokyo,54,Other
1385,Employee_1385,London,45,Other
1386,Employee_1386,London,25,Male
1387,Employee_1387,Berlin,53,Male
1388,Employee_1388,London,58,Male
1389,Employee_1389,New York,32,Female
1390,Employee_1390,Sydney,45,Other
1391,Employee_1391,Mumbai,32,Female
1392,Employee_1392,Sydney,38,Other
1393,Employee_1393,New York,28,Other
1394,Employee_1394,Mumbai,58,Female
1395,Employee_1395,Berlin,29,Male
1396,Employee_1396,New York,36,Other
1397,Employee_1397,New York,54,Female
1398,Employee_1398,Sydney,22,Female
1399,Employee_1399,Tokyo,24,Other
1400,Employee_1400,Sydney,22,Male
1401,Employee_1401,Paris,37,Other
1402,Employee_1402,Sydney,24,Other
1403,Employee_1403,London,52,Male
1404,Employee_1404,New York,45,Female
1405,Employee_1405,Sydney,46,Female
1406,Employee_1406,New York,31,Male
1407,Employee_1407,Paris,33,Female
1408,Employee_1408,London,24,Female
1409,Employee_1409,New York,57,Male
1410,Employee_1410,Sydney,48,Male
1411,Employee_1411,New York,36,Female
1412,Employee_1412,Mumbai,42,Other
1413,Employee_1413,Paris,37,Female
1414,Employee_1414,London,48,Male
1415,Employee_1415,Tokyo,42,Other
1416,Employee_1416,New York,39,Other
1417,Employee_1417,Sydney,26,Other
1418,Employee_1418,London,58,Other
1419,Employee_1419,Sydney,45,Other
1420,Employee_1420,Sydney,29,Other
1421,Employee_1421,New York,54,Other
1422,Employee_1422,Sydney,25,Male
1423,Employee_1423,New York,33,Other
1424,Employee_1424,Tokyo,36,Female
1425,Employee_1425,Mumbai,55,Other
1426,Employee_1426,Sydney,24,Other
1427,Employee_1427,Sydney,47,Other
1428,Employee_1428,Sydney,26,Other
1429,Employee_1429,Berlin,51,Other
1430,Employee_1430,Berlin,40,Male
1431,Employee_1431,London,41,Female
1432,Employee_1432,Mumbai,42,Other
1433,Employee_1433,Mumbai,27,Other
1434,Employee_1434,Berlin,57,Male
1435,Employee_1435,London,51,Female
1436,Employee_1436,Berlin,22,Female
1437,Employee_1437,Tokyo,45,Other
1438,Employee_1438,London,34,Other
1439,Employee_1439,Mumbai,40,Other
1440,Employee_1440,Mumbai,58,Female
1441,Employee_1441,Berlin,41,Male
1442,Employee_1442,Tokyo,37,Other
1443,Employee_1443,Berlin,51,Other
1444,Employee_1444,Paris,45,Male
1445,Employee_1445,New York,59,Male
1446,Employee_1446,New York,53,Other
1447,Employee_1447,Tokyo,34,Male
1448,Employee_1448,Sydney,56,Other
1449,Employee_1449,Sydney,37,Female
1450,Employee_1450,New York,31,Female
1451,Employee_1451,New York,22,Male
1452,Employee_1452,Sydney,48,Male
1453,Employee_1453,London,23,Female
1454,Employee_1454,Sydney,36,Female
1455,Employee_1455,Berlin,56,Male
1456,Employee_1456,London,44,Female
1457,Employee_1457,Berlin,22,Female
1458,Employee_1458,New York,43,Male
1459,Employee_1459,London,22,Other
1460,Employee_1460,Berlin,46,Male
1461,Employee_1461,Berlin,41,Other
1462,Employee_1462,London,28,Other
1463,Employee_1463,Tokyo,35,Female
1464,Employee_1464,Paris,55,Female
1465,Employee_1465,Sydney,37,Male
1466,Employee_1466,Mumbai,48,Male
1467,Employee_1467,Berlin,53,Female
1468,Employee_1468,Sydney,25,Female
1469,Employee_1469,Paris,31,Other
1470,Employee_1470,Mumbai,39,Female
1471,Employee_1471,Sydney,27,Male
1472,Employee_1472,New York,24,Female
1473,Employee_1473,Mumbai,36,Female
1474,Employee_1474,Paris,55,Female
1475,Employee_1475,Sydney,48,Male
1476,Employee_1476,Berlin,45,Female
1477,Employee_1477,Mumbai,51,Other
1478,Employee_1478,New York,27,Other
1479,Employee_1479,London,59,Male
1480,Employee_1480,Berlin,28,Male
1481,Employee_1481,New York,54,Female
1482,Employee_1482,New York,30,Female
1483,Employee_1483,Mumbai,47,Male
1484,Employee_1484,Sydney,26,Other
1485,Employee_1485,London,59,Other
1486,Employee_1486,Berlin,58,Male
1487,Employee_1487,Berlin,25,Male
1488,Employee_1488,Sydney,49,Other
1489,Employee_1489,London,30,Other
1490,Employee_1490,Mumbai,37,Other
1491,Employee_1491,Berlin,40,Female
1492,Employee_1492,London,38,Other
1493,Employee_1493,Mumbai,42,Other
1494,Employee_1494,Mumbai,47,Male
1495,Employee_1495,Paris,42,Other
1496,Employee_1496,Berlin,42,Other
1497,Employee_1497,Sydney,50,Female
1498,Employee_1498,Tokyo,39,Female
1499,Employee_1499,Berlin,36,Female
1500,Employee_1500,Paris,26,Male
1501,Employee_1501,New York,34,Male
1502,Employee_1502,New York,30,Female
1503,Employee_1503,Mumbai,59,Female
1504,Employee_1504,Tokyo,28,Other
1505,Employee_1505,Paris,31,Other
1506,Employee_1506,Berlin,28,Other
1507,Employee_1507,New York,32,Female
1508,Employee_1508,New York,50,Other
1509,Employee_1509,Berlin,51,Other
1510,Employee_1510,Paris,42,Female
1511,Employee_1511,London,48,Other
1512,Employee_1512,Mumbai,29,Female
1513,Employee_1513,Berlin,56,Male
1514,Employee_1514,London,44,Male
1515,Employee_1515,Mumbai,35,Other
1516,Employee_1516,Tokyo,50,Male
1517,Employee_1517,Sydney,41,Male
1518,Employee_1518,Mumbai,51,Female
1519,Employee_1519,Tokyo,38,Female
1520,Employee_1520,Sydney,29,Other
1521,Employee_1521,New York,27,Female
1522,Employee_1522,New York,32,Other
1523,Employee_1523,New York,41,Other
1524,Employee_1524,Mumbai,60,Female
1525,Employee_1525,London,24,Other
1526,Employee_1526,Sydney,35,Male
1527,Employee_1527,New York,42,Male
1528,Employee_1528,Paris,31,Male
1529,Employee_1529,Berlin,27,Female
1530,Employee_1530,Sydney,37,Male
1531,Employee_1531,Sydney,44,Other
1532,Employee_1532,London,47,Other
1533,Employee_1533,Tokyo,54,Other
1534,Employee_1534,London,25,Female
1535,Employee_1535,New York,41,Male
1536,Employee_1536,Berlin,38,Female
1537,Employee_1537,Berlin,33,Other
1538,Employee_1538,Paris,23,Male
1539,Employee_1539,Paris,47,Male
1540,Employee_1540,New York,50,Male
1541,Employee_1541,Berlin,57,Female
1542,Employee_1542,London,57,Male
1543,Employee_1543,Mumbai,37,Female
1544,Employee_1544,London,28,Male
1545,Employee_1545,Mumbai,51,Other
1546,Employee_1546,New York,28,Female
1547,Employee_1547,Berlin,30,Male
1548,Employee_1548,Paris,29,Female
1549,Employee_1549,Sydney,22,Male
1550,Employee_1550,Paris,25,Other
1551,Employee_1551,Tokyo,36,Other
1552,Employee_1552,Sydney,30,Other
1553,Employee_1553,Mumbai,34,Male
1554,Employee_1554,London,47,Female
1555,Employee_1555,London,45,Female
1556,Employee_1556,Paris,27,Other
1557,Employee_1557,London,59,Other
1558,Employee_1558,Paris,59,Other
1559,Employee_1559,Paris,38,Male
1560,Employee_1560,London,26,Female
1561,Employee_1561,Tokyo,23,Male
1562,Employee_1562,New York,26,Other
1563,Employee_1563,London,34,Other
1564,Employee_1564,Mumbai,50,Male
1565,Employee_1565,Berlin,30,Other
1566,Employee_1566,Paris,27,Female
1567,Employee_1567,Tokyo,43,Other
1568,Employee_1568,Paris,29,Female
1569,Employee_1569,Mumbai,24,Other
1570,Employee_1570,Paris,51,Male
1571,Employee_1571,Mumbai,25,Other
1572,Employee_1572,Paris,32,Other
1573,Employee_1573,London,58,Male
1574,Employee_1574,Berlin,49,Other
1575,Employee_1575,London,47,Male
1576,Employee_1576,Paris,53,Male
1577,Employee_1577,Mumbai,23,Female
1578,Employee_1578,New York,46,Other
1579,Employee_1579,Tokyo,49,Other
1580,Employee_1580,Paris,33,Other
1581,Employee_1581,New York,44,Female
1582,Employee_1582,Paris,35,Other
1583,Employee_1583,Tokyo,33,Female
1584,Employee_1584,London,39,Female
1585,Employee_1585,London,39,Other
1586,Employee_1586,Paris,50,Other
1587,Employee_1587,Tokyo,31,Male
1588,Employee_1588,Berlin,24,Female
1589,Employee_1589,Berlin,37,Female
1590,Employee_1590,Paris,40,Female
1591,Employee_1591,Paris,53,Female
1592,Employee_1592,Paris,48,Female
1593,Employee_1593,London,57,Male
1594,Employee_1594,London,52,Male
1595,Employee_1595,New York,25,Female
1596,Employee_1596,Mumbai,27,Other
1597,Employee_1597,London,39,Other
1598,Employee_1598,Tokyo,46,Other
1599,Employee_1599,Berlin,30,Other
1600,Employee_1600,Berlin,48,Female
1601,Employee_1601,Paris,34,Other
1602,Employee_1602,New York,55,Other
1603,Employee_1603,Paris,37,Female
1604,Employee_1604,Berlin,56,Other
1605,Employee_1605,Berlin,23,Other
1606,Employee_1606,Mumbai,46,Other
1607,Employee_1607,Sydney,44,Other
1608,Employee_1608,Tokyo,52,Male
1609,Employee_1609,Mumbai,56,Male
1610,Employee_1610,Paris,53,Male
1611,Employee_1611,Sydney,44,Other
1612,Employee_1612,Berlin,58,Other
1613,Employee_1613,New York,54,Female
1614,Employee_1614,New York,42,Other
1615,Employee_1615,Berlin,46,Female
1616,Employee_1616,London,39,Other
1617,Employee_1617,Sydney,33,Male
1618,Employee_1618,Berlin,23,Other
1619,Employee_1619,New York,42,Other
1620,Employee_1620,New York,60,Male
1621,Employee_1621,Sydney,36,Other
1622,Employee_1622,Tokyo,23,Other
1623,Employee_1623,Berlin,39,Other
1624,Employee_1624,Mumbai,25,Other
1625,Employee_1625,Paris,52,Female
1626,Employee_1626,Berlin,55,Other
1627,Employee_1627,Tokyo,44,Male
1628,Employee_1628,Sydney,59,Female
1629,Employee_1629,Sydney,36,Other
1630,Employee_1630,New York,32,Female
1631,Employee_1631,Tokyo,28,Other
1632,Employee_1632,Sydney,37,Other
1633,Employee_1633,London,37,Other
1634,Employee_1634,Berlin,39,Other
1635,Employee_1635,New York,56,Female
1636,Employee_1636,Mumbai,25,Other
1637,Employee_1637,Tokyo,36,Other
1638,Employee_1638,New York,58,Other
1639,Employee_1639,Sydney,46,Female
1640,Employee_1640,Paris,44,Female
1641,Employee_1641,Sydney,33,Male
1642,Employee_1642,Mumbai,33,Other
1643,Employee_1643,Mumbai,37,Male
1644,Employee_1644,Mumbai,59,Male
1645,Employee_1645,Mumbai,42,Female
1646,Employee_1646,Mumbai,44,Male
1647,Employee_1647,London,59,Male
1648,Employee_1648,Berlin,23,Other
1649,Employee_1649,Tokyo,44,Male
1650,Employee_1650,New York,58,Male
1651,Employee_1651,Mumbai,58,Female
1652,Employee_1652,Berlin,31,Male
1653,Employee_1653,Sydney,58,Female
1654,Employee_1654,Berlin,34,Other
1655,Employee_1655,Mumbai,53,Female
1656,Employee_1656,Paris,56,Male
1657,Employee_1657,New York,41,Male
1658,Employee_1658,Mumbai,33,Other
1659,Employee_1659,Berlin,53,Female
1660,Employee_1660,Sydney,24,Male
1661,Employee_1661,Berlin,27,Other
1662,Employee_1662,Mumbai,25,Male
1663,Employee_1663,Tokyo,36,Female
1664,Employee_1664,Berlin,60,Female
1665,Employee_1665,Tokyo,36,Male
1666,Employee_1666,Mumbai,23,Other
1667,Employee_1667,Berlin,55,Other
1668,Employee_1668,Sydney,52,Other
1669,Employee_1669,London,22,Other
1670,Employee_1670,London,43,Male
1671,Employee_1671,Tokyo,34,Other
1672,Employee_1672,Mumbai,30,Other
1673,Employee_1673,Tokyo,43,Other
1674,Employee_1674,Mumbai,33,Female
1675,Employee_1675,Mumbai,42,Male
1676,Employee_1676,London,25,Other
1677,Employee_1677,Sydney,23,Other
1678,Employee_1678,Sydney,31,Female
1679,Employee_1679,Berlin,59,Other
1680,Employee_1680,Tokyo,31,Other
1681,Employee_1681,Sydney,29,Male
1682,Employee_1682,Paris,55,Female
1683,Employee_1683,New York,45,Female
1684,Employee_1684,Berlin,26,Female
1685,Employee_1685,Berlin,45,Other
1686,Employee_1686,London,47,Female
1687,Employee_1687,Tokyo,59,Other
1688,Employee_1688,Paris,28,Male
1689,Employee_1689,Sydney,43,Male
1690,Employee_1690,Sydney,41,Other
1691,Employee_1691,Mumbai,42,Female
1692,Employee_1692,Berlin,30,Male
1693,Employee_1693,Tokyo,32,Other
1694,Employee_1694,Tokyo,49,Female
1695,Employee_1695,Tokyo,53,Male
1696,Employee_1696,Mumbai,42,Other
1697,Employee_1697,London,33,Other
1698,Employee_1698,Sydney,57,Other
1699,Employee_1699,Tokyo,44,Other
1700,Employee_1700,Paris,36,Female
1701,Employee_1701,Paris,59,Other
1702,Employee_1702,Mumbai,33,Other
1703,Employee_1703,London,46,Other
1704,Employee_1704,Mumbai,41,Other
1705,Employee_1705,New York,40,Male
1706,Employee_1706,Berlin,30,Other
1707,Employee_1707,Sydney,33,Male
1708,Employee_1708,Mumbai,22,Female
1709,Employee_1709,Mumbai,58,Female
1710,Employee_1710,Sydney,47,Male
1711,Employee_1711,Berlin,58,Other
1712,Employee_1712,New York,24,Male
1713,Employee_1713,Paris,33,Male
1714,Employee_1714,Paris,60,Male
1715,Employee_1715,London,42,Other
1716,Employee_1716,Mumbai,36,Other
1717,Employee_1717,Berlin,58,Male
1718,Employee_1718,London,28,Female
1719,Employee_1719,Paris,53,Male
1720,Employee_1720,London,31,Female
1721,Employee_1721,London,43,Female
1722,Employee_1722,New York,26,Other
1723,Employee_1723,New York,37,Female
1724,Employee_1724,London,44,Male
1725,Employee_1725,Tokyo,42,Male
1726,Employee_1726,Sydney,32,Other
1727,Employee_1727,Paris,27,Female
1728,Employee_1728,Paris,43,Male
1729,Employee_1729,New York,50,Female
1730,Employee_1730,Tokyo,22,Female
1731,Employee_1731,Tokyo,38,Other
1732,Employee_1732,Mumbai,35,Male
1733,Employee_1733,Sydney,37,Male
1734,Employee_1734,London,26,Male
1735,Employee_1735,Mumbai,44,Female
1736,Employee_1736,Mumbai,38,Other
1737,Employee_1737,Tokyo,28,Male
1738,Employee_1738,Tokyo,22,Other
1739,Employee_1739,Tokyo,25,Other
1740,Employee_1740,London,46,Other
1741,Employee_1741,London,50,Female
1742,Employee_1742,Mumbai,48,Female
1743,Employee_1743,Mumbai,32,Other
1744,Employee_1744,New York,48,Other
1745,Employee_1745,Paris,53,Female
1746,Employee_1746,Paris,46,Male
1747,Employee_1747,Paris,44,Other
1748,Employee_1748,New York,56,Female
1749,Employee_1749,Paris,46,Other
1750,Employee_1750,Tokyo,28,Male
1751,Employee_1751,London,52,Male
1752,Employee_1752,London,58,Other
1753,Employee_1753,Paris,36,Male
1754,Employee_1754,Mumbai,32,Other
1755,Employee_1755,Sydney,50,Male
1756,Employee_1756,Tokyo,26,Female
1757,Employee_1757,New York,24,Other
1758,Employee_1758,Sydney,40,Other
1759,Employee_1759,London,23,Female
1760,Employee_1760,Paris,42,Male
1761,Employee_1761,New York,38,Female
1762,Employee_1762,Tokyo,28,Male
1763,Employee_1763,London,26,Male
1764,Employee_1764,Paris,43,Other
1765,Employee_1765,Tokyo,32,Female
1766,Employee_1766,Mumbai,46,Female
1767,Employee_1767,Sydney,32,Female
1768,Employee_1768,Sydney,26,Female
1769,Employee_1769,Sydney,57,Male
1770,Employee_1770,Berlin,27,Other
1771,Employee_1771,Paris,43,Other
1772,Employee_1772,Tokyo,60,Female
1773,Employee_1773,Sydney,52,Other
1774,Employee_1774,Paris,23,Other
1775,Employee_1775,Mumbai,49,Male
1776,Employee_1776,Sydney,32,Male
1777,Employee_1777,Tokyo,60,Other
1778,Employee_1778,Paris,49,Female
1779,Employee_1779,Sydney,32,Female
1780,Employee_1780,Tokyo,25,Male
1781,Employee_1781,London,28,Other
1782,Employee_1782,Mumbai,43,Other
1783,Employee_1783,Paris,35,Other
1784,Employee_1784,Tokyo,34,Male
1785,Employee_1785,Tokyo,48,Male
1786,Employee_1786,Berlin,57,Other
1787,Employee_1787,Paris,56,Female
1788,Employee_1788,London,38,Female
1789,Employee_1789,Paris,40,Male
1790,Employee_1790,Mumbai,41,Female
1791,Employee_1791,Berlin,37,Female
1792,Employee_1792,Paris,28,Other
1793,Employee_1793,Paris,25,Other
1794,Employee_1794,Sydney,47,Female
1795,Employee_1795,Tokyo,58,Male
1796,Employee_1796,Mumbai,57,Other
1797,Employee_1797,London,53,Female
1798,Employee_1798,Berlin,31,Other
1799,Employee_1799,Tokyo,25,Other
1800,Employee_1800,New York,45,Female
1801,Employee_1801,Mumbai,22,Female
1802,Employee_1802,Berlin,49,Male
1803,Employee_1803,London,27,Female
1804,Employee_1804,Berlin,40,Other
1805,Employee_1805,Berlin,60,Male
1806,Employee_1806,Berlin,52,Female
1807,Employee_1807,Sydney,34,Other
1808,Employee_1808,New York,28,Male
1809,Employee_1809,London,23,Male
1810,Employee_1810,London,35,Male
1811,Employee_1811,London,32,Other
1812,Employee_1812,Tokyo,40,Other
1813,Employee_1813,Mumbai,27,Male
1814,Employee_1814,London,52,Other
1815,Employee_1815,Mumbai,29,Male
1816,Employee_1816,London,41,Male
1817,Employee_1817,New York,47,Other
1818,Employee_1818,Tokyo,52,Other
1819,Employee_1819,Tokyo,53,Male
1820,Employee_1820,Berlin,38,Other
1821,Employee_1821,Sydney,27,Female
1822,Employee_1822,Tokyo,56,Male
1823,Employee_1823,Tokyo,46,Male
1824,Employee_1824,New York,33,Other
1825,Employee_1825,London,45,Other
1826,Employee_1826,Paris,46,Other
1827,Employee_1827,Tokyo,45,Female
1828,Employee_1828,Tokyo,33,Other
1829,Employee_1829,Paris,50,Male
1830,Employee_1830,Sydney,24,Other
1831,Employee_1831,Mumbai,38,Other
1832,Employee_1832,New York,50,Male
1833,Employee_1833,Paris,51,Male
1834,Employee_1834,Paris,38,Female
1835,Employee_1835,Sydney,36,Other
1836,Employee_1836,Tokyo,39,Female
1837,Employee_1837,Tokyo,58,Male
1838,Employee_1838,New York,25,Male
1839,Employee_1839,Berlin,31,Male
1840,Employee_1840,Berlin,28,Male
1841,Employee_1841,Paris,27,Male
1842,Employee_1842,Tokyo,44,Female
1843,Employee_1843,Paris,56,Other
1844,Employee_1844,Paris,48,Male
1845,Employee_1845,Tokyo,59,Other
1846,Employee_1846,Sydney,36,Male
1847,Employee_1847,Mumbai,57,Female
1848,Employee_1848,Mumbai,25,Female
1849,Employee_1849,Sydney,46,Female
1850,Employee_1850,Paris,55,Female
1851,Employee_1851,Sydney,48,Other
1852,Employee_1852,London,56,Female
1853,Employee_1853,Tokyo,52,Female
1854,Employee_1854,London,58,Female
1855,Employee_1855,Berlin,37,Male
1856,Employee_1856,Tokyo,52,Female
1857,Employee_1857,Tokyo,41,Other
1858,Employee_1858,New York,27,Male
1859,Employee_1859,Tokyo,47,Other
1860,Employee_1860,Berlin,24,Male
1861,Employee_1861,Mumbai,54,Other
1862,Employee_1862,Mumbai,58,Other
1863,Employee_1863,Paris,55,Other
1864,Employee_1864,Tokyo,58,Male
1865,Employee_1865,Mumbai,31,Other
1866,Employee_1866,London,29,Other
1867,Employee_1867,Paris,50,Male
1868,Employee_1868,Tokyo,33,Other
1869,Employee_1869,London,32,Male
1870,Employee_1870,Sydney,35,Female
1871,Employee_1871,Sydney,34,Other
1872,Employee_1872,New York,30,Male
1873,Employee_1873,Tokyo,24,Female
1874,Employee_1874,Sydney,49,Other
1875,Employee_1875,Sydney,27,Female
1876,Employee_1876,Mumbai,49,Other
1877,Employee_1877,New York,34,Male
1878,Employee_1878,New York,31,Female
1879,Employee_1879,Mumbai,60,Female
1880,Employee_1880,Tokyo,38,Female
1881,Employee_1881,London,42,Female
1882,Employee_1882,Paris,26,Other
1883,Employee_1883,Tokyo,27,Male
1884,Employee_1884,London,46,Female
1885,Employee_1885,New York,57,Male
1886,Employee_1886,Berlin,47,Other
1887,Employee_1887,Tokyo,57,Male
1888,Employee_1888,Berlin,42,Male
1889,Employee_1889,London,39,Other
1890,Employee_1890,Tokyo,55,Female
1891,Employee_1891,Berlin,51,Other
1892,Employee_1892,Berlin,22,Female
1893,Employee_1893,Paris,59,Other
1894,Employee_1894,Tokyo,55,Male
1895,Employee_1895,Berlin,48,Female
1896,Employee_1896,Paris,29,Other
1897,Employee_1897,Paris,48,Other
1898,Employee_1898,Tokyo,31,Other
1899,Employee_1899,Berlin,31,Female
1900,Employee_1900,Paris,58,Male
1901,Employee_1901,New York,59,Other
1902,Employee_1902,Tokyo,59,Other
1903,Employee_1903,New York,28,Male
1904,Employee_1904,Mumbai,28,Male
1905,Employee_1905,Sydney,58,Male
1906,Employee_1906,New York,28,Male
1907,Employee_1907,Berlin,40,Other
1908,Employee_1908,London,56,Other
1909,Employee_1909,Mumbai,44,Female
1910,Employee_1910,New York,48,Other
1911,Employee_1911,Paris,38,Other
1912,Employee_1912,Mumbai,46,Male
1913,Employee_1913,New York,53,Female
1914,Employee_1914,Paris,58,Male
1915,Employee_1915,New York,60,Other
1916,Employee_1916,London,52,Other
1917,Employee_1917,London,24,Other
1918,Employee_1918,Paris,33,Female
1919,Employee_1919,New York,39,Male
1920,Employee_1920,Sydney,47,Female
1921,Employee_1921,London,31,Other
1922,Employee_1922,London,60,Other
1923,Employee_1923,London,47,Male
1924,Employee_1924,Tokyo,24,Male
1925,Employee_1925,Mumbai,47,Male
1926,Employee_1926,New York,43,Male
1927,Employee_1927,Sydney,37,Other
1928,Employee_1928,London,25,Female
1929,Employee_1929,Tokyo,52,Male
1930,Employee_1930,Mumbai,39,Male
1931,Employee_1931,Berlin,45,Male
1932,Employee_1932,Paris,23,Other
1933,Employee_1933,Berlin,43,Other
1934,Employee_1934,London,41,Male
1935,Employee_1935,Sydney,41,Other
1936,Employee_1936,Sydney,39,Female
1937,Employee_1937,Mumbai,53,Other
1938,Employee_1938,Mumbai,28,Other
1939,Employee_1939,New York,36,Male
1940,Employee_1940,Paris,30,Female
1941,Employee_1941,Paris,41,Other
1942,Employee_1942,London,50,Male
1943,Employee_1943,Berlin,42,Female
1944,Employee_1944,New York,39,Male
1945,Employee_1945,Sydney,48,Male
1946,Employee_1946,New York,60,Other
1947,Employee_1947,Berlin,27,Other
1948,Employee_1948,Sydney,34,Female
1949,Employee_1949,Mumbai,50,Female
1950,Employee_1950,Tokyo,35,Female
1951,Employee_1951,Tokyo,48,Male
1952,Employee_1952,Mumbai,53,Other
1953,Employee_1953,London,55,Other
1954,Employee_1954,New York,45,Male
1955,Employee_1955,Sydney,25,Male
1956,Employee_1956,Mumbai,54,Female
1957,Employee_1957,Paris,32,Other
1958,Employee_1958,Mumbai,26,Male
1959,Employee_1959,London,41,Male
1960,Employee_1960,New York,54,Female
1961,Employee_1961,Mumbai,47,Female
1962,Employee_1962,Paris,30,Female
1963,Employee_1963,Berlin,55,Female
1964,Employee_1964,Paris,58,Other
1965,Employee_1965,Mumbai,23,Other
1966,Employee_1966,Sydney,33,Female
1967,Employee_1967,Paris,34,Other
1968,Employee_1968,New York,34,Other
1969,Employee_1969,Paris,25,Male
1970,Employee_1970,Sydney,37,Other
1971,Employee_1971,Paris,24,Other
1972,Employee_1972,New York,51,Female
1973,Employee_1973,Berlin,25,Female
1974,Employee_1974,Sydney,45,Female
1975,Employee_1975,Tokyo,34,Male
1976,Employee_1976,Mumbai,39,Male
1977,Employee_1977,Berlin,45,Female
1978,Employee_1978,New York,51,Male
1979,Employee_1979,Sydney,54,Male
1980,Employee_1980,Mumbai,47,Other
1981,Employee_1981,Berlin,29,Other
1982,Employee_1982,New York,23,Other
1983,Employee_1983,Paris,37,Female
1984,Employee_1984,Tokyo,45,Female
1985,Employee_1985,Paris,53,Female
1986,Employee_1986,Tokyo,60,Male
1987,Employee_1987,New York,50,Other
1988,Employee_1988,Tokyo,33,Other
1989,Employee_1989,Berlin,52,Female
1990,Employee_1990,Mumbai,59,Female
1991,Employee_1991,Paris,57,Female
1992,Employee_1992,Tokyo,44,Female
1993,Employee_1993,Mumbai,44,Female
1994,Employee_1994,London,32,Female
1995,Employee_1995,Tokyo,38,Female
1996,Employee_1996,London,27,Other
1997,Employee_1997,Mumbai,40,Male
1998,Employee_1998,Sydney,23,Male
1999,Employee_1999,Mumbai,46,Other
2000,Employee_2000,Berlin,25,Other
